{"time_last_update":1772705661,"weights":{"frec":0.7,"rece":0.3},"init_weights":{"frec":0.7,"rece":0.3},"norms":{"rece":{"beta":0.001,"mean":1.0108214976626493,"var":0.9978913595865961},"frec":{"beta":0.001,"mean":20746.302600889758,"var":9.544275450820875}},"score_map":{"hnWIEEOivk22":{"frec":9.612734185765866,"rece":0.9882071379243048,"final":7.0253760714133975}}}