{"time_last_update":1772705361,"weights":{"frec":0.7,"rece":0.3},"init_weights":{"frec":0.7,"rece":0.3},"norms":{"rece":{"beta":0.001,"mean":1.0098333448084456,"var":0.997912826349675},"frec":{"beta":0.001,"mean":20746.272873763523,"var":8.669242659200608}},"score_map":{"hnWIEEOivk22":{"frec":10.096302348575257,"rece":0.9893576244569857,"final":7.364218931339775}}}