{"time_last_update":1772706268,"weights":{"frec":0.7,"rece":0.3},"init_weights":{"frec":0.7,"rece":0.3},"norms":{"rece":{"beta":0.001,"mean":1.0127943168463198,"var":0.9978416090486354},"frec":{"beta":0.001,"mean":20746.361965990578,"var":11.286422547414515}},"score_map":{"hnWIEEOivk22":{"frec":8.822085028382638,"rece":0.9859089686907658,"final":6.471232210475076}}}